{
    "ND1_G3170A": "LHON MELAS overlap",
    "ND1_G3254A": "LHON",
    "ND1_G3429A": "LHON",
    "ND1_G3491A": "MELAS / Leigh Syndrome / LDYT / BSN",
    "ND1_G3494A": "LHON",
    "ND1_G3527A": "LHON",
    "ND1_G3684A": "Progressive Encephalomyopathy / Leigh Syndrome / Optic Atrophy",
    "ND1_A3696C": "EXIT+myalgia / severe LA+cardiac / 3-MGA aciduria / nephropathy+deafness+diabetes",
    "ND1_T3697G": "EXIT+myalgia / severe LA+cardiac / 3-MGA aciduria / nephropathy+deafness+diabetes",
    "ND1_A3700C": "EXIT+myalgia / severe LA+cardiac / 3-MGA aciduria / nephropathy+deafness+diabetes",
    "ND1_A3701C": "EXIT+myalgia / severe LA+cardiac / 3-MGA aciduria / nephropathy+deafness+diabetes",
    "ND1_C3702A": "EXIT+myalgia / severe LA+cardiac / 3-MGA aciduria / nephropathy+deafness+diabetes",
    "ND1_C3965A": "LHON / Leigh-like phenotype",
    "COX1_A7228G": "LHON",
    "ATP6_T8293C": "LHON",
    "ATP6_T8616C": "BSN / Leigh syndrome",
    "ATP6_G8658C": "NARP / Leigh Disease / MILS / other",
    "ATP6_T8758C": "NARP / Leigh Disease / MILS / other",
    "ATP6_T8800C": "Ataxia syndromes",
    "ATP6_T8941C": "FBSN / Leigh Disease / Spinocerebellar Ataxia",
    "ATP6_T8950C": "Leigh Disease / Ataxia syndromes / NARP-like disease / Episodic weakness and Charcot-Marie-Tooth",
    "ATP6_T8970C": "Encephalopathy / Seizures / Lacticacidemia",
    "ATP6_A8971C": "Encephalopathy / Seizures / Lacticacidemia",
    "ND3_A9922C": "LHON",
    "ND3_G9955C": "Leigh Disease / Leigh-like Disease / ESOC",
    "ND3_G9961A": "Leigh Disease / Dystonia / Stroke / LDYT",
    "ND4L_T10432C": "LHON",
    "ND4_C11546A": "Leigh Disease",
    "ND4_G11547A": "LHON/Progressive/Dystonia",
    "ND5_T12478C": "Leigh Disease",
    "ND5_G12814A": "Optic/neuropathy/retinopathy/LD",
    "ND5_G12823A": "LHON",
    "ND5_T12866C": "LHON",
    "ND5_G13285A": "Leigh Disease / MELAS / LHON-MELAS Overlap Syndrome / negative association w Carotid Atherosclerosis",
    "ND5_A13286G": "Leigh Disease / MELAS / Ca2+ downregulation",
    "ND6_G14223A": "LDYT / Leigh Disease / dystonia / carotid atherosclerosis risk",
    "ND6_C14246A": "LHON",
    "ND6_T14248C": "LHON",
    "ND6_T14251C": "Dystonia / Leigh Disease / ataxia / ptosis / epilepsy",
    "ND6_C14332T": "LHON",
    "CYTB_T14616C": "EXIT / Septo-Optic Dysplasia",
    "CYTB_T14631C": "LHON",
    "CYTB_A15346G": "Multisystem Disorder, EXIT"
}